class;lesson;title;family;renderer;topic;layers;timeline;model_steps
class_1a;1;"Lekce 1 · Základní dvouhodinový blok";accessibility;design;hierarchy;4;5;5
class_1a;2;"Lekce 2 · Typografie + obraz: plakát bez šablony";typography;design;typography;4;5;5
class_1a;3;"Lekce 3 · Barva + typografický systém";accessibility;design;contrast-color;4;5;5
class_1a;4;"Lekce 4 · Mini vizuální identita";handoff;map;hierarchy;4;5;5
class_1a;5;"Lekce 5 · Paleta, ikony a konzistence";image;design;color-harmony;4;5;5
class_1a;6;"Lekce 6 · Redesign: z chaosu na systém";image;design;template-critique;4;5;5
class_1a;7;"Lekce 7 · Jeden design, tři formáty";responsive;design;responsive-series;4;5;5
class_1a;8;"Lekce 8 · Typografie I + Layout I";typography;design;editorial-typography-i;4;5;5
class_1a;9;"Lekce 9 · Vizuální příběh + produkční workflow";handoff;map;visual-story-i;4;5;5
class_1a;10;"Lekce 10 · Anatomie webu: hierarchie od plakátu k obrazovce";layout;design;web-layout-basics-i;4;5;5
class_1a;11;"Lekce 11 · Responsive základ: jedna stránka, tři šířky";responsive;design;responsive-layout-i;4;5;5
class_1a;12;"Lekce 12 · Komponenty: tlačítka, karty a opakovatelná pravidla";components;design;components-i;4;5;5
class_1a;13;"Lekce 13 · Webová typografie: čitelnost, délka řádku a rytmus";typography;design;web-typography-i;4;5;5
class_1a;14;"Lekce 14 · Obraz pro web: crop, rozlišení a export";image;design;image-web-i;4;5;5
class_1a;15;"Lekce 15 · Formuláře a přístupnost: stav musí být pochopitelný";accessibility;design;forms-a11y-i;4;5;5
class_1a;16;"Lekce 16 · Landing page: wireframe od briefu k flow";responsive;design;web-layout-basics-i;4;5;5
class_1a;17;"Lekce 17 · Mini UI kit: pravidla místo náhodných hodnot";components;design;design-system-i;4;5;5
class_1a;18;"Lekce 18 · Capstone: responzivní landing page";accessibility;design;web-layout-basics-i;4;5;5
class_1a;19;"Lekce 19 · Visual audit clinic";usability;map;design-feedback;4;5;5
class_1a;20;"Lekce 20 · Content-first landing";layout;design;content-first-layout;4;5;5
class_1a;21;"Lekce 21 · Responsive hero";responsive;design;responsive-art-direction;4;5;5
class_1a;22;"Lekce 22 · Microcopy & CTA";typography;design;microcopy-cta;4;5;5
class_1a;23;"Lekce 23 · Accessible color & type";accessibility;design;forms-a11y-i;4;5;5
class_1a;24;"Lekce 24 · Image art direction";responsive;design;responsive-art-direction;4;5;5
class_1a;25;"Lekce 25 · Component starter";accessibility;design;components-i;4;5;5
class_1a;26;"Lekce 26 · Critique workshop";usability;map;design-feedback;4;5;5
class_1a;27;"Lekce 27 · Landing sprint";typography;design;content-first-layout;4;5;5
class_1a;28;"Lekce 28 · Portfolio & mastery";usability;map;design-feedback;4;5;5
class_2a;1;"Lekce 1 · Základní dvouhodinový blok";accessibility;design;hierarchy;4;5;5
class_2a;2;"Lekce 2 · Z jednoho plakátu udělej malou kampaň";responsive;design;branding-system;4;5;5
class_2a;3;"Lekce 3 · UI hero sekce: grafika potkává web";accessibility;design;hierarchy;4;5;5
class_2a;4;"Lekce 4 · Motion storyboard pro sociální sítě";typography;design;hierarchy;4;5;5
class_2a;5;"Lekce 5 · Design systém: spacing, komponenty, stavy";accessibility;design;ui-spacing-system;4;5;5
class_2a;6;"Lekce 6 · Portfolio case study + mikrointerakce";motion;design;portfolio-case-study;4;5;5
class_2a;7;"Lekce 7 · Accessibility & responsive UI";accessibility;design;accessibility-design;4;5;5
class_2a;8;"Lekce 8 · Typografie II + Design systém II";typography;design;responsive-type-ii;4;5;5
class_2a;9;"Lekce 9 · Interakce II + profesionální handoff";handoff;map;interaction-patterns-ii;4;5;5
class_2a;10;"Lekce 10 · Informační architektura + user flow";information;map;information-architecture-ii;4;5;5
class_2a;11;"Lekce 11 · Form UX: validace, chyby a stavy";forms;design;form-states-ii;4;5;6
class_2a;12;"Lekce 12 · Auto Layout, varianty a responsive komponenty";responsive;design;auto-layout-ii;4;5;5
class_2a;13;"Lekce 13 · Accessibility audit webového návrhu";accessibility;design;accessibility-audit-ii;4;5;5
class_2a;14;"Lekce 14 · Design → HTML/CSS: handoff, který jde implementovat";components;design;html-css-handoff-ii;4;5;5
class_2a;15;"Lekce 15 · CSS layout mindset: Flex, Grid a responsive pravidla";responsive;design;css-responsive-ii;4;5;5
class_2a;16;"Lekce 16 · Usability test: pozorování místo dojmologie";usability;map;usability-test-ii;4;5;5
class_2a;17;"Lekce 17 · Design QA: porovnej implementaci s pravidly, ne s pixely";accessibility;design;design-qa-handoff-ii;4;5;5
class_2a;18;"Lekce 18 · Capstone: produktová landing page + case study";accessibility;design;information-architecture-ii;4;5;5
class_2a;19;"Lekce 19 · Research framing";information;map;information-architecture-ii;4;5;5
class_2a;20;"Lekce 20 · Card sorting lab";information;map;card-sorting;4;5;5
class_2a;21;"Lekce 21 · Responsive component stress test";responsive;design;auto-layout-ii;4;5;5
class_2a;22;"Lekce 22 · Form recovery states";forms;design;error-recovery-ux;4;5;6
class_2a;23;"Lekce 23 · Accessible interaction";accessibility;design;interaction-accessibility;4;5;5
class_2a;24;"Lekce 24 · Design tokens to code";components;design;design-tokens-ii;4;5;5
class_2a;25;"Lekce 25 · Usability round 2";usability;map;usability-test-ii;4;5;5
class_2a;26;"Lekce 26 · Design QA clinic";handoff;map;design-handoff-qa;4;5;5
class_2a;27;"Lekce 27 · Product sprint";accessibility;design;card-sorting;4;5;5
class_2a;28;"Lekce 28 · Case study & mastery";handoff;map;design-handoff-qa;4;5;5
class_3a;1;"Lekce 1 · Základní dvouhodinový blok";dns;flow;ip-addressing;4;5;6
class_3a;2;"Lekce 2 · Navrhni a ověř malou kancelářskou síť";routing;flow;vlan-basics;4;5;6
class_3a;3;"Lekce 3 · DNS + DHCP jako služby";dns;flow;dns;4;5;6
class_3a;4;"Lekce 4 · Monitoring + základní hardening";observability;metrics;service-matrix;4;5;5
class_3a;5;"Lekce 5 · IPv6 + DNS záznamy";dns;flow;ipv6-basics;4;5;6
class_3a;6;"Lekce 6 · Monitoring + DHCP reservations";dhcp;flow;monitoring-basics;4;5;6
class_3a;7;"Lekce 7 · Packet journey + Wireshark mindset";dns;flow;packet-analysis;4;5;6
class_3a;8;"Lekce 8 · IPv4 II: VLSM + síťové zóny";routing;flow;subnetting-vlsm;4;5;6
class_3a;9;"Lekce 9 · DNS/DHCP II + service debugging";dns;flow;dns-dhcp-operations;4;5;6
class_3a;10;"Lekce 10 · Linux CLI + filesystem: orientace bez klikání";filesystem;flow;linux-filesystem;4;5;5
class_3a;11;"Lekce 11 · Uživatelé, skupiny a oprávnění";permissions;flow;users-permissions;4;5;5
class_3a;12;"Lekce 12 · Procesy + systemd: služba není magie";systemd;flow;processes-systemd;4;5;6
class_3a;13;"Lekce 13 · Logy a journalctl: časová osa důkazů";logs;timeline;journal-logs;4;5;6
class_3a;14;"Lekce 14 · SSH/SFTP: bezpečný vzdálený přístup";ssh;flow;ssh-keys-ops;4;6;6
class_3a;15;"Lekce 15 · Firewall + služby: co poslouchá a kdo se tam dostane";observability;metrics;linux-firewall;4;5;5
class_3a;16;"Lekce 16 · Linux webová služba: od procesu k HTTP";dns;flow;web-service-linux;4;5;6
class_3a;17;"Lekce 17 · Shell + cron: malá automatizace s logem a bezpečným selháním";automation;flow;shell-cron;4;5;6
class_3a;18;"Lekce 18 · Capstone: nefunguje služba – Linux + síť v jednom incidentu";filesystem;flow;linux-filesystem;4;5;5
class_3a;19;"Lekce 19 · Filesystem incident";filesystem;flow;linux-file-troubleshooting;4;5;5
class_3a;20;"Lekce 20 · systemd dependency lab";systemd;flow;processes-systemd;4;5;6
class_3a;21;"Lekce 21 · Journal forensic";logs;timeline;journal-logs;4;5;6
class_3a;22;"Lekce 22 · SSH keys in practice";ssh;flow;ssh-key-operations;4;6;6
class_3a;23;"Lekce 23 · DNS evidence chain";dns;flow;dns;4;5;6
class_3a;24;"Lekce 24 · Stateful firewall lab";firewall;flow;stateful-firewall;4;5;5
class_3a;25;"Lekce 25 · Safe Bash automation";automation;flow;bash-error-handling;4;5;6
class_3a;26;"Lekce 26 · Service recovery drill";service;flow;service-debug-chain;4;6;6
class_3a;27;"Lekce 27 · Team incident lab";firewall;flow;stateful-firewall;4;5;5
class_3a;28;"Lekce 28 · Mastery review";ssh;flow;linux-file-troubleshooting;4;6;6
class_4a;1;"Lekce 1 · Základní dvouhodinový blok";dns;flow;cidr;4;5;6
class_4a;2;"Lekce 2 · Produkční change window: proxy, TLS, logy a rollback";observability;metrics;reverse-proxy;4;5;5
class_4a;3;"Lekce 3 · Observability: logy, metriky, health";observability;metrics;logs-monitoring;4;5;5
class_4a;4;"Lekce 4 · Release drill: bezpečný deploy a rollback";observability;metrics;change-management;4;5;5
class_4a;5;"Lekce 5 · HTTP observability + load balancing";observability;metrics;http-observability;4;5;5
class_4a;6;"Lekce 6 · Canary release + backup/restore drill";release;timeline;canary-release;4;6;7
class_4a;7;"Lekce 7 · SLO, error budget a postmortem";observability;metrics;slo-postmortem;4;5;5
class_4a;8;"Lekce 8 · Infrastructure as Code + drift";iac;flow;infrastructure-as-code;4;6;6
class_4a;9;"Lekce 9 · Performance + capacity engineering";performance;metrics;performance-engineering;4;5;6
class_4a;10;"Lekce 10 · systemd do hloubky: dependencies, restart policy, failure";observability;metrics;systemd-advanced;4;5;5
class_4a;11;"Lekce 11 · Storage: disk, filesystem, mount a „disk full“ incident";filesystem;flow;storage-filesystems;4;5;5
class_4a;12;"Lekce 12 · Backup strategie: RPO/RTO a restore drill";backup;timeline;backup-strategy;4;6;6
class_4a;13;"Lekce 13 · Hardening Linux služby: SSH, firewall, aktualizace a minimální práva";ssh;flow;ssh-hardening;4;6;6
class_4a;14;"Lekce 14 · Containers: proces, image, volume a síť";service;flow;containers-basics;4;6;6
class_4a;15;"Lekce 15 · Automatizace + configuration consistency";automation;flow;automation-shell;4;5;6
class_4a;16;"Lekce 16 · Pokročilá síťová diagnostika: packet evidence + socket state";packet;flow;packet-diagnostics-advanced;4;5;5
class_4a;17;"Lekce 17 · Incident response: runbook, komunikace a blameless postmortem";observability;metrics;incident-runbook;4;5;5
class_4a;18;"Lekce 18 · Capstone: produkční reliability drill";packet;flow;systemd-advanced;4;5;5
class_4a;19;"Lekce 19 · Golden signals lab";observability;metrics;golden-signals;4;5;5
class_4a;20;"Lekce 20 · Reverse proxy evidence";observability;metrics;reverse-proxy;4;5;5
class_4a;21;"Lekce 21 · Container networking";containers;flow;container-networking;4;5;6
class_4a;22;"Lekce 22 · Restore game day";backup;timeline;backup-restore;4;6;6
class_4a;23;"Lekce 23 · Hardening audit";ssh;flow;ssh-hardening;4;6;6
class_4a;24;"Lekce 24 · Safe change & rollback";release;timeline;rollback-strategy;4;6;7
class_4a;25;"Lekce 25 · Drift & automation";automation;flow;config-drift;4;5;6
class_4a;26;"Lekce 26 · Performance capacity";performance;metrics;performance-engineering;4;5;6
class_4a;27;"Lekce 27 · Incident command";observability;metrics;incident-command;4;5;5
class_4a;28;"Lekce 28 · Reliability mastery";observability;metrics;golden-signals;4;5;5
