class,lesson,title,family,renderer,parameters,what_if
class_1a,1,"Lekce 1 · Základní dvouhodinový blok",accessibility,design,4,3
class_1a,2,"Lekce 2 · Typografie + obraz: plakát bez šablony",typography,design,4,3
class_1a,3,"Lekce 3 · Barva + typografický systém",accessibility,design,4,3
class_1a,4,"Lekce 4 · Mini vizuální identita",handoff,design,4,3
class_1a,5,"Lekce 5 · Paleta, ikony a konzistence",image,design,4,3
class_1a,6,"Lekce 6 · Redesign: z chaosu na systém",image,design,4,3
class_1a,7,"Lekce 7 · Jeden design, tři formáty",responsive,design,4,3
class_1a,8,"Lekce 8 · Typografie I + Layout I",typography,design,4,3
class_1a,9,"Lekce 9 · Vizuální příběh + produkční workflow",handoff,design,4,3
class_1a,10,"Lekce 10 · Anatomie webu: hierarchie od plakátu k obrazovce",layout,design,4,3
class_1a,11,"Lekce 11 · Responsive základ: jedna stránka, tři šířky",responsive,design,4,3
class_1a,12,"Lekce 12 · Komponenty: tlačítka, karty a opakovatelná pravidla",components,design,4,3
class_1a,13,"Lekce 13 · Webová typografie: čitelnost, délka řádku a rytmus",typography,design,4,3
class_1a,14,"Lekce 14 · Obraz pro web: crop, rozlišení a export",image,design,4,3
class_1a,15,"Lekce 15 · Formuláře a přístupnost: stav musí být pochopitelný",accessibility,design,4,3
class_1a,16,"Lekce 16 · Landing page: wireframe od briefu k flow",responsive,design,4,3
class_1a,17,"Lekce 17 · Mini UI kit: pravidla místo náhodných hodnot",components,design,4,3
class_1a,18,"Lekce 18 · Capstone: responzivní landing page",accessibility,design,4,3
class_1a,19,"Lekce 19 · Visual audit clinic",usability,design,4,3
class_1a,20,"Lekce 20 · Content-first landing",layout,design,4,3
class_1a,21,"Lekce 21 · Responsive hero",responsive,design,4,3
class_1a,22,"Lekce 22 · Microcopy & CTA",typography,design,4,3
class_1a,23,"Lekce 23 · Accessible color & type",accessibility,design,4,3
class_1a,24,"Lekce 24 · Image art direction",responsive,design,4,3
class_1a,25,"Lekce 25 · Component starter",accessibility,design,4,3
class_1a,26,"Lekce 26 · Critique workshop",usability,design,4,3
class_1a,27,"Lekce 27 · Landing sprint",typography,design,4,3
class_1a,28,"Lekce 28 · Portfolio & mastery",usability,design,4,3
class_2a,1,"Lekce 1 · Základní dvouhodinový blok",accessibility,design,4,3
class_2a,2,"Lekce 2 · Z jednoho plakátu udělej malou kampaň",responsive,design,4,3
class_2a,3,"Lekce 3 · UI hero sekce: grafika potkává web",accessibility,design,4,3
class_2a,4,"Lekce 4 · Motion storyboard pro sociální sítě",typography,design,4,3
class_2a,5,"Lekce 5 · Design systém: spacing, komponenty, stavy",accessibility,design,4,3
class_2a,6,"Lekce 6 · Portfolio case study + mikrointerakce",motion,design,4,3
class_2a,7,"Lekce 7 · Accessibility & responsive UI",accessibility,design,4,3
class_2a,8,"Lekce 8 · Typografie II + Design systém II",typography,design,4,3
class_2a,9,"Lekce 9 · Interakce II + profesionální handoff",handoff,design,4,3
class_2a,10,"Lekce 10 · Informační architektura + user flow",information,design,4,3
class_2a,11,"Lekce 11 · Form UX: validace, chyby a stavy",forms,design,4,3
class_2a,12,"Lekce 12 · Auto Layout, varianty a responsive komponenty",responsive,design,4,3
class_2a,13,"Lekce 13 · Accessibility audit webového návrhu",accessibility,design,4,3
class_2a,14,"Lekce 14 · Design → HTML/CSS: handoff, který jde implementovat",components,design,4,3
class_2a,15,"Lekce 15 · CSS layout mindset: Flex, Grid a responsive pravidla",responsive,design,4,3
class_2a,16,"Lekce 16 · Usability test: pozorování místo dojmologie",usability,design,4,3
class_2a,17,"Lekce 17 · Design QA: porovnej implementaci s pravidly, ne s pixely",accessibility,design,4,3
class_2a,18,"Lekce 18 · Capstone: produktová landing page + case study",accessibility,design,4,3
class_2a,19,"Lekce 19 · Research framing",information,design,4,3
class_2a,20,"Lekce 20 · Card sorting lab",information,design,4,3
class_2a,21,"Lekce 21 · Responsive component stress test",responsive,design,4,3
class_2a,22,"Lekce 22 · Form recovery states",forms,design,4,3
class_2a,23,"Lekce 23 · Accessible interaction",accessibility,design,4,3
class_2a,24,"Lekce 24 · Design tokens to code",components,design,4,3
class_2a,25,"Lekce 25 · Usability round 2",usability,design,4,3
class_2a,26,"Lekce 26 · Design QA clinic",handoff,design,4,3
class_2a,27,"Lekce 27 · Product sprint",accessibility,design,4,3
class_2a,28,"Lekce 28 · Case study & mastery",handoff,design,4,3
class_3a,1,"Lekce 1 · Základní dvouhodinový blok",dns,system,4,3
class_3a,2,"Lekce 2 · Navrhni a ověř malou kancelářskou síť",routing,system,4,3
class_3a,3,"Lekce 3 · DNS + DHCP jako služby",dns,system,4,3
class_3a,4,"Lekce 4 · Monitoring + základní hardening",observability,system,4,3
class_3a,5,"Lekce 5 · IPv6 + DNS záznamy",dns,system,4,3
class_3a,6,"Lekce 6 · Monitoring + DHCP reservations",dhcp,system,4,3
class_3a,7,"Lekce 7 · Packet journey + Wireshark mindset",dns,system,4,3
class_3a,8,"Lekce 8 · IPv4 II: VLSM + síťové zóny",routing,system,4,3
class_3a,9,"Lekce 9 · DNS/DHCP II + service debugging",dns,system,4,3
class_3a,10,"Lekce 10 · Linux CLI + filesystem: orientace bez klikání",filesystem,system,4,3
class_3a,11,"Lekce 11 · Uživatelé, skupiny a oprávnění",permissions,system,4,3
class_3a,12,"Lekce 12 · Procesy + systemd: služba není magie",systemd,system,4,3
class_3a,13,"Lekce 13 · Logy a journalctl: časová osa důkazů",logs,system,4,3
class_3a,14,"Lekce 14 · SSH/SFTP: bezpečný vzdálený přístup",ssh,system,4,3
class_3a,15,"Lekce 15 · Firewall + služby: co poslouchá a kdo se tam dostane",observability,system,4,3
class_3a,16,"Lekce 16 · Linux webová služba: od procesu k HTTP",dns,system,4,3
class_3a,17,"Lekce 17 · Shell + cron: malá automatizace s logem a bezpečným selháním",automation,system,4,3
class_3a,18,"Lekce 18 · Capstone: nefunguje služba – Linux + síť v jednom incidentu",filesystem,system,4,3
class_3a,19,"Lekce 19 · Filesystem incident",filesystem,system,4,3
class_3a,20,"Lekce 20 · systemd dependency lab",systemd,system,4,3
class_3a,21,"Lekce 21 · Journal forensic",logs,system,4,3
class_3a,22,"Lekce 22 · SSH keys in practice",ssh,system,4,3
class_3a,23,"Lekce 23 · DNS evidence chain",dns,system,4,3
class_3a,24,"Lekce 24 · Stateful firewall lab",firewall,system,4,3
class_3a,25,"Lekce 25 · Safe Bash automation",automation,system,4,3
class_3a,26,"Lekce 26 · Service recovery drill",service,system,4,3
class_3a,27,"Lekce 27 · Team incident lab",firewall,system,4,3
class_3a,28,"Lekce 28 · Mastery review",ssh,system,4,3
class_4a,1,"Lekce 1 · Základní dvouhodinový blok",dns,system,4,3
class_4a,2,"Lekce 2 · Produkční change window: proxy, TLS, logy a rollback",observability,system,4,3
class_4a,3,"Lekce 3 · Observability: logy, metriky, health",observability,system,4,3
class_4a,4,"Lekce 4 · Release drill: bezpečný deploy a rollback",observability,system,4,3
class_4a,5,"Lekce 5 · HTTP observability + load balancing",observability,system,4,3
class_4a,6,"Lekce 6 · Canary release + backup/restore drill",release,system,4,3
class_4a,7,"Lekce 7 · SLO, error budget a postmortem",observability,system,4,3
class_4a,8,"Lekce 8 · Infrastructure as Code + drift",iac,system,4,3
class_4a,9,"Lekce 9 · Performance + capacity engineering",performance,system,4,3
class_4a,10,"Lekce 10 · systemd do hloubky: dependencies, restart policy, failure",observability,system,4,3
class_4a,11,"Lekce 11 · Storage: disk, filesystem, mount a „disk full“ incident",filesystem,system,4,3
class_4a,12,"Lekce 12 · Backup strategie: RPO/RTO a restore drill",backup,system,4,3
class_4a,13,"Lekce 13 · Hardening Linux služby: SSH, firewall, aktualizace a minimální práva",ssh,system,4,3
class_4a,14,"Lekce 14 · Containers: proces, image, volume a síť",service,system,4,3
class_4a,15,"Lekce 15 · Automatizace + configuration consistency",automation,system,4,3
class_4a,16,"Lekce 16 · Pokročilá síťová diagnostika: packet evidence + socket state",packet,system,4,3
class_4a,17,"Lekce 17 · Incident response: runbook, komunikace a blameless postmortem",observability,system,4,3
class_4a,18,"Lekce 18 · Capstone: produkční reliability drill",packet,system,4,3
class_4a,19,"Lekce 19 · Golden signals lab",observability,system,4,3
class_4a,20,"Lekce 20 · Reverse proxy evidence",observability,system,4,3
class_4a,21,"Lekce 21 · Container networking",containers,system,4,3
class_4a,22,"Lekce 22 · Restore game day",backup,system,4,3
class_4a,23,"Lekce 23 · Hardening audit",ssh,system,4,3
class_4a,24,"Lekce 24 · Safe change & rollback",release,system,4,3
class_4a,25,"Lekce 25 · Drift & automation",automation,system,4,3
class_4a,26,"Lekce 26 · Performance capacity",performance,system,4,3
class_4a,27,"Lekce 27 · Incident command",observability,system,4,3
class_4a,28,"Lekce 28 · Reliability mastery",observability,system,4,3
