class,subject,lesson,title,goal,knowledge_links,content_ready,teacher_prepared_state
1.A,"Grafika a webdesign · základy",1,"Lekce 1 · Základní dvouhodinový blok","2 × 45 minut: rychlá vstupní diagnostika → vizuální knowledge tour → návrhový sandbox → převod do Canvy → kontrola a mini-prezentace. Nejde o známku; cílem je bezpečně pochopit základní principy.",hierarchy;composition;contrast-color;typography;raster-vector,yes,
1.A,"Grafika a webdesign · základy",2,"Lekce 2 · Typografie + obraz: plakát bez šablony","Navázat na první plakát a vědomě pracovat s typografií, spacingem, fotografií a CTA. Na konci vznikne druhý Canva plakát, který student umí obhájit.",typography;spacing;image-crop;cta;preflight,yes,
1.A,"Grafika a webdesign · základy",3,"Lekce 3 · Barva + typografický systém","Z jednoho plakátu vytvořit čitelný systém barev a typografie, který funguje v mobilním náhledu i na větším formátu.",contrast-color;typography;spacing;export,yes,
1.A,"Grafika a webdesign · základy",4,"Lekce 4 · Mini vizuální identita","Navrhnout malý vizuální systém pro fiktivní školní akci a aplikovat ho na plakát + sociální post.",hierarchy;composition;color;preflight,yes,
1.A,"Grafika a webdesign · základy",5,"Lekce 5 · Paleta, ikony a konzistence","Vytvořit malý vizuální jazyk z barev, ikon a obrazových pravidel a použít ho v jedné informační grafice.",color-harmony;iconography;image-composition,yes,
1.A,"Grafika a webdesign · základy",6,"Lekce 6 · Redesign: z chaosu na systém","Analyzovat slabý návrh, formulovat problém a vytvořit nový plakát s jasně obhajitelnými rozhodnutími.",template-critique;color-harmony;image-composition;preflight,yes,
1.A,"Grafika a webdesign · základy",7,"Lekce 7 · Jeden design, tři formáty","Převést jeden plakát do postu, square a story tak, aby zůstala hierarchie, čitelnost a vizuální identita.",responsive-series;preflight,yes,
1.A,"Grafika a webdesign · základy",8,"Lekce 8 · Typografie I + Layout I","Převést základní znalost typografie a gridu do čitelného editorial layoutu s jasnou škálou, rytmem a whitespace.",editorial-typography-i;layout-rhythm-i,yes,
1.A,"Grafika a webdesign · základy",9,"Lekce 9 · Vizuální příběh + produkční workflow","Spojit obraz, text a CTA do řízené cesty pozornosti a odevzdat výstup ve správně verzovaném, zkontrolovaném formátu.",visual-story-i;production-preflight-i,yes,
1.A,"Grafika a webdesign · základy",10,"Lekce 10 · Anatomie webu: hierarchie od plakátu k obrazovce","Přenést principy vizuální hierarchie do jednoduché webové stránky a rozlišit header, hero, obsah, CTA a footer.",web-layout-basics-i;layout-rhythm-i,yes,
1.A,"Grafika a webdesign · základy",11,"Lekce 11 · Responsive základ: jedna stránka, tři šířky","Navrhnout stejný obsah pro mobil, tablet a desktop bez slepého zmenšování.",responsive-layout-i;responsive-series,yes,
1.A,"Grafika a webdesign · základy",12,"Lekce 12 · Komponenty: tlačítka, karty a opakovatelná pravidla","Pochopit komponentu jako opakovatelný vzor se stavy, ne jako jednorázový obrázek.",components-i;design-system-i,yes,
1.A,"Grafika a webdesign · základy",13,"Lekce 13 · Webová typografie: čitelnost, délka řádku a rytmus","Navrhnout typografii pro obrazovku s jasnými rolemi, rozumnou délkou řádku a konzistentním vertikálním rytmem.",web-typography-i;editorial-typography-i,yes,
1.A,"Grafika a webdesign · základy",14,"Lekce 14 · Obraz pro web: crop, rozlišení a export","Připravit vizuály pro web tak, aby podporovaly obsah, měly správný crop a nebyly zbytečně datově těžké.",image-web-i;production-preflight-i,yes,
1.A,"Grafika a webdesign · základy",15,"Lekce 15 · Formuláře a přístupnost: stav musí být pochopitelný","Navrhnout jednoduchý formulář s jasnými labely, focus stavem, chybou a úspěchem bez závislosti pouze na barvě.",forms-a11y-i;components-i,yes,
1.A,"Grafika a webdesign · základy",16,"Lekce 16 · Landing page: wireframe od briefu k flow","Převést jednoduchý brief do struktury landing page a obhájit pořadí sekcí před vizuálním stylingem.",web-layout-basics-i;responsive-layout-i,yes,
1.A,"Grafika a webdesign · základy",17,"Lekce 17 · Mini UI kit: pravidla místo náhodných hodnot","Sestavit malý UI kit s barvami, typografií, spacingem a 3 komponentami a použít jej v jedné obrazovce.",design-system-i;components-i,yes,
1.A,"Grafika a webdesign · základy",18,"Lekce 18 · Capstone: responzivní landing page","Spojit hierarchii, typografii, obraz, responsive layout, komponenty a accessibility do finální landing page s krátkou case study.",web-layout-basics-i;responsive-layout-i;web-typography-i;forms-a11y-i;design-system-i,yes,
1.A,"Grafika a webdesign · základy",19,"Lekce 19 · Visual audit clinic","Najít konkrétní problém v existujícím návrhu a opravit jej na základě hierarchie, kontrastu a spacingu",design-feedback;content-first-layout,yes,
1.A,"Grafika a webdesign · základy",20,"Lekce 20 · Content-first landing","Převést stručný obsahový brief do webového skeletonu bez zbytečných dekorací.",content-first-layout,yes,
1.A,"Grafika a webdesign · základy",21,"Lekce 21 · Responsive hero","Navrhnout hero sekci, která zachová prioritu obsahu na desktopu i mobilu.",responsive-art-direction;content-first-layout,yes,
1.A,"Grafika a webdesign · základy",22,"Lekce 22 · Microcopy & CTA","Napsat konkrétní CTA a pomocné texty, které snižují nejistotu uživatele.",microcopy-cta,yes,
1.A,"Grafika a webdesign · základy",23,"Lekce 23 · Accessible color & type","Ověřit kontrast, čitelnost a hierarchii bez závislosti jen na barvě.",forms-a11y-i;web-typography-i,yes,
1.A,"Grafika a webdesign · základy",24,"Lekce 24 · Image art direction","Připravit různé cropy stejného obrazu pro desktop, card a mobil bez ztráty focal pointu.",responsive-art-direction;image-composition,yes,
1.A,"Grafika a webdesign · základy",25,"Lekce 25 · Component starter","Navrhnout jednoduchou komponentu s default/focus/error stavem a jasným obsahem.",components-i;forms-a11y-i,yes,
1.A,"Grafika a webdesign · základy",26,"Lekce 26 · Critique workshop","Dávat a přijímat konkrétní design feedback podle cíle a evidence.",design-feedback,yes,
1.A,"Grafika a webdesign · základy",27,"Lekce 27 · Landing sprint","V týmu vytvořit funkční responzivní landing page od briefu po QA.",content-first-layout;microcopy-cta;responsive-art-direction,yes,
1.A,"Grafika a webdesign · základy",28,"Lekce 28 · Portfolio & mastery","Vybrat nejlepší výstup, popsat rozhodnutí a doložit, které skills byly prokázány.",design-feedback;design-feedback,yes,
2.A,"Grafika a webdesign",1,"Lekce 1 · Základní dvouhodinový blok","Celkem 2×45 minut. Nejprve rychlá diagnostika a mini-průvodce, potom vlastní plakát, kontrola a odevzdání.",hierarchy;composition;contrast-color;typography;raster-vector,yes,
2.A,"Grafika a webdesign",2,"Lekce 2 · Z jednoho plakátu udělej malou kampaň","Převést master plakát do konzistentního systému: master 1080×1350, square 1080×1080 a story 1080×1920. Student se učí adaptaci, photo treatment a obhajobu design systému.",branding-system;photo-treatment;responsive-adaptation;export;portfolio-presentation,yes,
2.A,"Grafika a webdesign",3,"Lekce 3 · UI hero sekce: grafika potkává web","Převést principy plakátu do responzivní hero sekce webu a pochopit hierarchii, CTA, grid a adaptaci.",hierarchy;composition;contrast-color;responsive-adaptation,yes,
2.A,"Grafika a webdesign",4,"Lekce 4 · Motion storyboard pro sociální sítě","Navrhnout 4–6 snímků krátkého motion/story videa dřív, než se otevře animační software.",hierarchy;typography;responsive-adaptation;portfolio-presentation,yes,
2.A,"Grafika a webdesign",5,"Lekce 5 · Design systém: spacing, komponenty, stavy","Převést vizuální intuici do opakovatelného systému komponent a spacing tokenů pro jednoduché UI.",ui-spacing-system;component-consistency;contrast-color,yes,
2.A,"Grafika a webdesign",6,"Lekce 6 · Portfolio case study + mikrointerakce","Připravit krátkou case study vlastního projektu a navrhnout jednoduchou mikrointerakci, která má jasnou funkci.",portfolio-case-study;microinteraction-storyboard;portfolio-presentation,yes,
2.A,"Grafika a webdesign",7,"Lekce 7 · Accessibility & responsive UI","Navrhnout jednoduchou responzivní UI sekci, která zůstává čitelná, ovladatelná a srozumitelná v různých stavech.",accessibility-design;ui-spacing-system;component-consistency,yes,
2.A,"Grafika a webdesign",8,"Lekce 8 · Typografie II + Design systém II","Navázat na první ročník a převést typografii, spacing a komponenty do responsivního systému řízeného tokeny.",responsive-type-ii;design-tokens-ii,yes,
2.A,"Grafika a webdesign",9,"Lekce 9 · Interakce II + profesionální handoff","Navrhnout kompletní stavový model interakce, přidat smysluplný motion feedback a obhájit řešení pomocí evidence.",interaction-patterns-ii;design-critique-ii,yes,
2.A,"Grafika a webdesign",10,"Lekce 10 · Informační architektura + user flow","Navrhnout strukturu malého webu podle úkolů uživatele a převést ji do jednoznačného user flow.",information-architecture-ii;portfolio-case-study,yes,
2.A,"Grafika a webdesign",11,"Lekce 11 · Form UX: validace, chyby a stavy","Navrhnout formulář jako stavový systém včetně loading, error, success a obnovy po chybě.",form-states-ii;interaction-patterns-ii,yes,
2.A,"Grafika a webdesign",12,"Lekce 12 · Auto Layout, varianty a responsive komponenty","Postavit responzivní komponentu s variantami a minimem lokálních override.",auto-layout-ii;design-tokens-ii,yes,
2.A,"Grafika a webdesign",13,"Lekce 13 · Accessibility audit webového návrhu","Provést strukturovaný audit kontrastu, focusu, pořadí, targetů, textů a stavů a opravit prioritní problémy.",accessibility-audit-ii;accessibility-design,yes,
2.A,"Grafika a webdesign",14,"Lekce 14 · Design → HTML/CSS: handoff, který jde implementovat","Převést designové rozhodnutí do implementační specifikace: struktura, tokeny, komponenty a responsive pravidla.",html-css-handoff-ii;design-tokens-ii,yes,
2.A,"Grafika a webdesign",15,"Lekce 15 · CSS layout mindset: Flex, Grid a responsive pravidla","Pochopit, jak se návrhové vztahy mapují do Flexbox/Grid modelu, a navrhovat proveditelné responsive rozložení.",css-responsive-ii;html-css-handoff-ii,yes,
2.A,"Grafika a webdesign",16,"Lekce 16 · Usability test: pozorování místo dojmologie","Připravit krátký usability test, pozorovat chování bez navádění a prioritizovat zjištění podle dopadu.",usability-test-ii;design-critique-ii,yes,
2.A,"Grafika a webdesign",17,"Lekce 17 · Design QA: porovnej implementaci s pravidly, ne s pixely","Provést design QA realizace a rozlišit funkční odchylku, accessibility problém a přijatelnou implementační variaci.",design-qa-handoff-ii;accessibility-audit-ii,yes,
2.A,"Grafika a webdesign",18,"Lekce 18 · Capstone: produktová landing page + case study","Spojit IA, responsive UI, komponenty, accessibility, testování a handoff do jednoho obhajitelného produktového návrhu.",information-architecture-ii;auto-layout-ii;accessibility-audit-ii;usability-test-ii;design-qa-handoff-ii,yes,
2.A,"Grafika a webdesign",19,"Lekce 19 · Research framing","Převést neurčitý produktový problém do výzkumné otázky a jednoduchého testovacího plánu.",information-architecture-ii;usability-test-ii,yes,
2.A,"Grafika a webdesign",20,"Lekce 20 · Card sorting lab","Ověřit seskupení obsahu a navrhnout informační architekturu podle mentálních modelů uživatelů.",card-sorting;information-architecture-ii,yes,
2.A,"Grafika a webdesign",21,"Lekce 21 · Responsive component stress test","Otestovat komponentu na dlouhý obsah, malé viewporty a různé stavy.",auto-layout-ii;css-responsive-ii,yes,
2.A,"Grafika a webdesign",22,"Lekce 22 · Form recovery states","Navrhnout validaci, chyby a recovery tak, aby uživatel nepřišel o práci.",error-recovery-ux;form-states-ii,yes,
2.A,"Grafika a webdesign",23,"Lekce 23 · Accessible interaction","Ověřit focus, klávesnici, target size a alternativu k drag/hover gestům.",interaction-accessibility;accessibility-audit-ii,yes,
2.A,"Grafika a webdesign",24,"Lekce 24 · Design tokens to code","Připravit tokeny a komponentovou specifikaci použitelnou při implementaci.",design-tokens-ii;design-handoff-qa,yes,
2.A,"Grafika a webdesign",25,"Lekce 25 · Usability round 2","Provést krátký test bez navádění, zaznamenat evidence a upravit návrh.",usability-test-ii,yes,
2.A,"Grafika a webdesign",26,"Lekce 26 · Design QA clinic","Převést nalezený nesoulad na reprodukovatelné issue a ověřit opravu.",design-handoff-qa,yes,
2.A,"Grafika a webdesign",27,"Lekce 27 · Product sprint","Propojit IA, komponenty, responsive pravidla, accessibility a testování v týmovém capstone.",card-sorting;interaction-accessibility;design-handoff-qa,yes,
2.A,"Grafika a webdesign",28,"Lekce 28 · Case study & mastery","Vytvořit stručnou case study se skutečným problémem, iterací, důkazem a výsledkem.",design-handoff-qa;portfolio-case-study,yes,
3.A,"Seminář operačních systémů a počítačových sítí",1,"Lekce 1 · Základní dvouhodinový blok","Kompletní blok na 2 × 45 minut: startovní test → cílený rozbor → realistická case study s topologií a simulovaným terminálem → praktické incidenty s nápovědami a kontrolou → exit ticket. Kdo dokončí celý blok dřív, odemkne dobrovolný Extra challenge na známku.",ip-addressing;dns;dhcp;ports;ssh-sftp,yes,
3.A,"Seminář operačních systémů a počítačových sítí",2,"Lekce 2 · Navrhni a ověř malou kancelářskou síť","Navázat na troubleshooting a pochopit, co se děje mezi L2, VLAN, routingem, NATem a konkrétní službou. Na konci student umí vytvořit jednoduchou service matrix a diagnostikovat tok mezi dvěma VLAN.",vlan-basics;arp;routing;nat;service-matrix,yes,
3.A,"Seminář operačních systémů a počítačových sítí",3,"Lekce 3 · DNS + DHCP jako služby","Pochopit DNS a DHCP jako běžící služby, jejich konfiguraci, porty, logy a systematickou validaci.",dns;dhcp;ports;troubleshooting,yes,
3.A,"Seminář operačních systémů a počítačových sítí",4,"Lekce 4 · Monitoring + základní hardening","Rozlišit dostupnost, zdraví služby a bezpečné minimum: monitoring, logy, firewall a účty.",service-matrix;troubleshooting;ssh-sftp,yes,
3.A,"Seminář operačních systémů a počítačových sítí",5,"Lekce 5 · IPv6 + DNS záznamy","Pochopit základní IPv6 adresaci a navázat ji na praktickou práci s DNS A/AAAA/CNAME záznamy.",ipv6-basics;dns-record-types,yes,
3.A,"Seminář operačních systémů a počítačových sítí",6,"Lekce 6 · Monitoring + DHCP reservations","Přestat čekat na hlášení uživatele: měřit dostupnost služby a navrhnout stabilní DHCP adresaci pro známá zařízení.",monitoring-basics;dhcp-reservations,yes,
3.A,"Seminář operačních systémů a počítačových sítí",7,"Lekce 7 · Packet journey + Wireshark mindset","Použít packet-level evidence k rozlišení lokální, DNS, TCP a aplikační závady bez bezhlavého spouštění všech nástrojů.",packet-analysis;dns-record-types;monitoring-basics,yes,
3.A,"Seminář operačních systémů a počítačových sítí",8,"Lekce 8 · IPv4 II: VLSM + síťové zóny","Navrhnout efektivní adresní plán a současně definovat minimální potřebnou komunikaci mezi zónami.",subnetting-vlsm;network-security-basics,yes,
3.A,"Seminář operačních systémů a počítačových sítí",9,"Lekce 9 · DNS/DHCP II + service debugging","Pochopit časové chování cache/lease a spojit DNS, TCP, TLS a HTTP do rychlé evidence-first diagnostiky služby.",dns-dhcp-operations;service-debug-chain,yes,
3.A,"Seminář operačních systémů a počítačových sítí",10,"Lekce 10 · Linux CLI + filesystem: orientace bez klikání","Orientovat se v Linux filesystemu, používat pwd/ls/cd/cp/mv/rm bezpečně a vysvětlit rozdíl absolutní a relativní cesty.",linux-filesystem,yes,
3.A,"Seminář operačních systémů a počítačových sítí",11,"Lekce 11 · Uživatelé, skupiny a oprávnění","Pochopit owner/group/other, rwx a navrhnout minimální oprávnění pro sdílený soubor a službu.",users-permissions,yes,
3.A,"Seminář operačních systémů a počítačových sítí",12,"Lekce 12 · Procesy + systemd: služba není magie","Najít běžící proces, stav služby a bezpečně rozlišit restart, reload a enable.",processes-systemd;journal-logs,yes,
3.A,"Seminář operačních systémů a počítačových sítí",13,"Lekce 13 · Logy a journalctl: časová osa důkazů","Použít logy jako cílený zdroj evidence podle služby, času a severity místo čtení tisíců řádků.",journal-logs,yes,
3.A,"Seminář operačních systémů a počítačových sítí",14,"Lekce 14 · SSH/SFTP: bezpečný vzdálený přístup","Nastavit a ověřit SSH klíčové přihlášení, rozlišit autentizaci od síťové dostupnosti a použít SFTP bezpečně.",ssh-keys-ops;ssh-sftp,yes,
3.A,"Seminář operačních systémů a počítačových sítí",15,"Lekce 15 · Firewall + služby: co poslouchá a kdo se tam dostane","Propojit listener, bind adresu, firewall a client test do jednoho diagnostického modelu.",linux-firewall;ports,yes,
3.A,"Seminář operačních systémů a počítačových sítí",16,"Lekce 16 · Linux webová služba: od procesu k HTTP","Nasadit nebo analyzovat jednoduchou webovou službu a ověřit process → listener → firewall → DNS → HTTP.",web-service-linux;dns,yes,
3.A,"Seminář operačních systémů a počítačových sítí",17,"Lekce 17 · Shell + cron: malá automatizace s logem a bezpečným selháním","Napsat jednoduchý skript pro opakovatelný administrátorský úkol, logovat výsledek a naplánovat spuštění.",shell-cron,yes,
3.A,"Seminář operačních systémů a počítačových sítí",18,"Lekce 18 · Capstone: nefunguje služba – Linux + síť v jednom incidentu","Systematicky vyřešit kombinovaný incident od klienta přes DNS/síť/firewall až po systemd službu a doložit root cause.",linux-filesystem;processes-systemd;journal-logs;ssh-keys-ops;linux-firewall;web-service-linux,yes,
3.A,"Seminář operačních systémů a počítačových sítí",19,"Lekce 19 · Filesystem incident","Diagnostikovat permission/disk/mount problém bez změn naslepo.",linux-file-troubleshooting;linux-filesystem,yes,
3.A,"Seminář operačních systémů a počítačových sítí",20,"Lekce 20 · systemd dependency lab","Rozlišit problém procesu, unit konfigurace, dependency a restart policy.",processes-systemd;processes-systemd,yes,
3.A,"Seminář operačních systémů a počítačových sítí",21,"Lekce 21 · Journal forensic","Najít relevantní incidentní okno a spojit log se změnou a symptomem.",journal-logs;journal-logs,yes,
3.A,"Seminář operačních systémů a počítačových sítí",22,"Lekce 22 · SSH keys in practice","Oddělit TCP dostupnost, výběr identity, oprávnění a serverovou autorizaci.",ssh-key-operations;ssh-keys-ops,yes,
3.A,"Seminář operačních systémů a počítačových sítí",23,"Lekce 23 · DNS evidence chain","Postavit DNS diagnostiku od resolveru přes záznam po aplikační test.",dns;dns-record-types,yes,
3.A,"Seminář operačních systémů a počítačových sítí",24,"Lekce 24 · Stateful firewall lab","Navrhnout least-privilege pravidlo a potvrdit pozitivní i negativní test.",stateful-firewall;linux-firewall,yes,
3.A,"Seminář operačních systémů a počítačových sítí",25,"Lekce 25 · Safe Bash automation","Napsat opakovatelný skript s kontrolou vstupů, chybami a logem.",bash-error-handling;shell-cron,yes,
3.A,"Seminář operačních systémů a počítačových sítí",26,"Lekce 26 · Service recovery drill","Obnovit webovou službu přes process → socket → firewall → DNS → HTTP chain.",service-debug-chain;web-service-linux,yes,
3.A,"Seminář operačních systémů a počítačových sítí",27,"Lekce 27 · Team incident lab","Rozdělit diagnostiku mezi role a vytvořit společnou evidence timeline.",stateful-firewall;bash-error-handling,yes,
3.A,"Seminář operačních systémů a počítačových sítí",28,"Lekce 28 · Mastery review","Zopakovat nejslabší skills a dokončit praktické mastery evidence před závěrečným projektem.",linux-file-troubleshooting;ssh-key-operations,yes,
4.A,"Seminář operačních systémů a počítačových sítí",1,"Lekce 1 · Základní dvouhodinový blok","Kompletní blok na 2 × 45 minut: startovní test → cílený rozbor → realistická case study s topologií a simulovaným terminálem → praktické incidenty s nápovědami a kontrolou → exit ticket. Kdo dokončí celý blok dřív, odemkne dobrovolný Extra challenge na známku.",cidr;routing-advanced;dns-advanced;binding;tcp,yes,
4.A,"Seminář operačních systémů a počítačových sítí",2,"Lekce 2 · Produkční change window: proxy, TLS, logy a rollback","Navázat na produkční incident a naučit se řízenou změnu: precheck, reverse proxy upstream, TLS certifikát, korelace logů, validace a rollback.",reverse-proxy;tls-certificates;logs-monitoring;change-management;diagnostics,yes,
4.A,"Seminář operačních systémů a počítačových sítí",3,"Lekce 3 · Observability: logy, metriky, health","Získat jistotu v tom, jak z monitoringu a logů vytvořit důkaz místo intuice.",logs-monitoring;diagnostics;reverse-proxy;tls-certificates,yes,
4.A,"Seminář operačních systémů a počítačových sítí",4,"Lekce 4 · Release drill: bezpečný deploy a rollback","Projít release jako řízenou změnu: precheck, canary, validace, stop condition a rollback.",change-management;reverse-proxy;tls-certificates;logs-monitoring,yes,
4.A,"Seminář operačních systémů a počítačových sítí",5,"Lekce 5 · HTTP observability + load balancing","Číst HTTP odpověď jako diagnostický důkaz a pochopit základní chování load balanceru při zdravém i degradovaném backendu.",http-observability;load-balancing,yes,
4.A,"Seminář operačních systémů a počítačových sítí",6,"Lekce 6 · Canary release + backup/restore drill","Provést řízené nasazení na malou část provozu a nacvičit rozhodnutí rollback vs. restore na základě měřitelných signálů.",canary-release;backup-restore,yes,
4.A,"Seminář operačních systémů a počítačových sítí",7,"Lekce 7 · SLO, error budget a postmortem","Převést provozní data na rozhodnutí: kdy pokračovat v release, kdy stabilizovat a jak z incidentu vytvořit konkrétní follow-up.",slo-postmortem;http-observability;canary-release,yes,
4.A,"Seminář operačních systémů a počítačových sítí",8,"Lekce 8 · Infrastructure as Code + drift","Řídit produkční konfiguraci jako verzovaný desired state, kontrolovat diff před změnou a bezpečně řešit configuration drift.",infrastructure-as-code;config-drift,yes,
4.A,"Seminář operačních systémů a počítačových sítí",9,"Lekce 9 · Performance + capacity engineering","Najít bottleneck pomocí latency/throughput/saturation a převést měření na realistický plán kapacity s headroomem.",performance-engineering;capacity-planning,yes,
4.A,"Seminář operačních systémů a počítačových sítí",10,"Lekce 10 · systemd do hloubky: dependencies, restart policy, failure","Analyzovat service unit, dependency chain a restart policy a bezpečně řešit opakovaný failure bez restart loopu.",systemd-advanced;logs-monitoring,yes,
4.A,"Seminář operačních systémů a počítačových sítí",11,"Lekce 11 · Storage: disk, filesystem, mount a „disk full“ incident","Rozlišit blokové zařízení, filesystem, mount point, kapacitu a inode problém a bezpečně diagnostikovat nedostatek místa.",storage-filesystems,yes,
4.A,"Seminář operačních systémů a počítačových sítí",12,"Lekce 12 · Backup strategie: RPO/RTO a restore drill","Navrhnout backup podle požadovaného RPO/RTO a prokázat obnovitelnost testovacím restore.",backup-strategy;backup-restore,yes,
4.A,"Seminář operačních systémů a počítačových sítí",13,"Lekce 13 · Hardening Linux služby: SSH, firewall, aktualizace a minimální práva","Navrhnout bezpečné minimum služby bez „security by checkbox“ a současně zachovat ověřitelný přístup a rollback.",ssh-hardening;backup-strategy,yes,
4.A,"Seminář operačních systémů a počítačových sítí",14,"Lekce 14 · Containers: proces, image, volume a síť","Pochopit kontejner jako izolovaný proces s explicitním image, konfigurací, volume a network mappingem a diagnostikovat základní failure.",containers-basics;binding,yes,
4.A,"Seminář operačních systémů a počítačových sítí",15,"Lekce 15 · Automatizace + configuration consistency","Navrhnout idempotentní administrátorský postup, který umí zjistit current state, změnit jen potřebné a doložit výsledek.",automation-shell;config-drift,yes,
4.A,"Seminář operačních systémů a počítačových sítí",16,"Lekce 16 · Pokročilá síťová diagnostika: packet evidence + socket state","Propojit packet capture, TCP stavy a serverový listener do jedné incidentní hypotézy.",packet-diagnostics-advanced;tcp,yes,
4.A,"Seminář operačních systémů a počítačových sítí",17,"Lekce 17 · Incident response: runbook, komunikace a blameless postmortem","Řídit incident podle severity, rolí, timeline, mitigation a následného postmortemu bez chaosu a hledání viníka.",incident-runbook;slo-postmortem,yes,
4.A,"Seminář operačních systémů a počítačových sítí",18,"Lekce 18 · Capstone: produkční reliability drill","Vyřešit propojený incident služby s Linuxem, sítí, proxy/TLS, observability, bezpečnou změnou a recovery a vytvořit auditovatelný postmortem.",systemd-advanced;storage-filesystems;backup-strategy;ssh-hardening;containers-basics;automation-shell;packet-diagnostics-advanced;incident-runbook,yes,
4.A,"Seminář operačních systémů a počítačových sítí",19,"Lekce 19 · Golden signals lab","Rozpoznat user-facing incident kombinací latency, traffic, errors a saturation.",golden-signals;logs-monitoring,yes,
4.A,"Seminář operačních systémů a počítačových sítí",20,"Lekce 20 · Reverse proxy evidence","Odlišit DNS/TLS/proxy/upstream závadu pomocí minimálního test chainu.",reverse-proxy;http-observability,yes,
4.A,"Seminář operačních systémů a počítačových sítí",21,"Lekce 21 · Container networking","Diagnostikovat bind, publish port, container network a host firewall bez plošného restartu.",container-networking,yes,
4.A,"Seminář operačních systémů a počítačových sítí",22,"Lekce 22 · Restore game day","Provést restore podle RPO/RTO a doložit integritu obnovené služby/dat.",backup-restore,yes,
4.A,"Seminář operačních systémů a počítačových sítí",23,"Lekce 23 · Hardening audit","Najít zbytečný attack surface a zavést změnu bez ztráty recovery cesty.",ssh-hardening;ssh-hardening,yes,
4.A,"Seminář operačních systémů a počítačových sítí",24,"Lekce 24 · Safe change & rollback","Definovat stop conditions, rollback trigger a následnou end-to-end validaci.",rollback-strategy;change-management,yes,
4.A,"Seminář operačních systémů a počítačových sítí",25,"Lekce 25 · Drift & automation","Porovnat desired/actual stav a navrhnout idempotentní automatizovanou nápravu.",config-drift;infrastructure-as-code,yes,
4.A,"Seminář operačních systémů a počítačových sítí",26,"Lekce 26 · Performance capacity","Najít bottleneck, pracovat s p95/error rate a navrhnout headroom.",performance-engineering;capacity-planning,yes,
4.A,"Seminář operačních systémů a počítačových sítí",27,"Lekce 27 · Incident command","Rozdělit IC/tech/comms odpovědnosti, vést timeline a připravit blameless postmortem.",incident-command;slo-postmortem,yes,
4.A,"Seminář operačních systémů a počítačových sítí",28,"Lekce 28 · Reliability mastery","Propojit observability, safe change, incident response a recovery do závěrečného reliability drill.",golden-signals;rollback-strategy;incident-command,yes,
